{"cameraMode":{"drawMode":0,"name":"Shaded","section":"Shading Mode"},"sceneLighting":false,"audioPlay":false,"sceneViewState":{"showFog":true,"showMaterialUpdate":false,"showSkybox":false,"showFlares":true,"showImageEffects":true,"showParticleSystems":true},"in2DMode":false,"pivot":{"x":1.1882039308547974,"y":1.3148725032806397,"z":-3.120516300201416},"rotation":{"x":-0.026201223954558374,"y":0.9737841486930847,"z":-0.16247481107711793,"w":-0.1570347547531128},"size":1.9954941272735596,"orthographic":false}