{"cameraMode":{"drawMode":0,"name":"Shaded","section":"Shading Mode"},"sceneLighting":false,"audioPlay":false,"sceneViewState":{"showFog":true,"showMaterialUpdate":false,"showSkybox":false,"showFlares":true,"showImageEffects":true,"showParticleSystems":true},"in2DMode":false,"pivot":{"x":0.28095826506614687,"y":-0.5285501480102539,"z":0.1440662145614624},"rotation":{"x":-0.3662445843219757,"y":-0.03961287438869476,"z":0.015607506036758423,"w":-0.9295440912246704},"size":1.7579221725463868,"orthographic":false}