{"cameraMode":{"drawMode":0,"name":"Shaded","section":"Shading Mode"},"sceneLighting":true,"audioPlay":false,"sceneViewState":{"showFog":true,"showMaterialUpdate":false,"showSkybox":false,"showFlares":true,"showImageEffects":true,"showParticleSystems":true},"in2DMode":false,"pivot":{"x":2.5554192066192629,"y":0.24669504165649415,"z":-4.418703556060791},"rotation":{"x":0.1965746432542801,"y":-0.06643868237733841,"z":0.013352036476135254,"w":0.9781442284584045},"size":4.518153667449951,"orthographic":false}