{"cameraMode":{"drawMode":0,"name":"Shaded","section":"Shading Mode"},"sceneLighting":false,"audioPlay":false,"sceneViewState":{"showFog":true,"showMaterialUpdate":false,"showSkybox":false,"showFlares":true,"showImageEffects":true,"showParticleSystems":true},"in2DMode":false,"pivot":{"x":-0.01923346519470215,"y":0.9917985200881958,"z":0.08353054523468018},"rotation":{"x":-0.26075199246406557,"y":0.5539625883102417,"z":-0.1880926489830017,"w":-0.7679551243782044},"size":1.2893576622009278,"orthographic":false}