{"cameraMode":{"drawMode":0,"name":"Shaded","section":"Shading Mode"},"sceneLighting":false,"audioPlay":false,"sceneViewState":{"showFog":true,"showMaterialUpdate":false,"showSkybox":false,"showFlares":true,"showImageEffects":true,"showParticleSystems":true},"in2DMode":false,"pivot":{"x":-0.09471720457077027,"y":1.3805572986602784,"z":-2.9970076084136965},"rotation":{"x":-0.28861650824546816,"y":0.016668448224663736,"z":-0.005025571212172508,"w":-0.957286536693573},"size":4.395493984222412,"orthographic":false}