{"cameraMode":{"drawMode":0,"name":"Shaded","section":"Shading Mode"},"sceneLighting":false,"audioPlay":false,"sceneViewState":{"showFog":true,"showMaterialUpdate":false,"showSkybox":false,"showFlares":true,"showImageEffects":true,"showParticleSystems":true},"in2DMode":false,"pivot":{"x":0.1640535593032837,"y":0.17625385522842408,"z":-0.0996023416519165},"rotation":{"x":-0.2645755410194397,"y":0.2141806036233902,"z":-0.060390960425138476,"w":-0.9383386373519898},"size":1.1154124736785889,"orthographic":false}