{"cameraMode":{"drawMode":0,"name":"Shaded","section":"Shading Mode"},"sceneLighting":false,"audioPlay":false,"sceneViewState":{"showFog":true,"showMaterialUpdate":false,"showSkybox":false,"showFlares":true,"showImageEffects":true,"showParticleSystems":true},"in2DMode":false,"pivot":{"x":0.46088215708732607,"y":-0.48007476329803469,"z":0.7579137086868286},"rotation":{"x":-0.2463703155517578,"y":-0.2556346654891968,"z":0.06754578649997711,"w":-0.9324109554290772},"size":1.0732331275939942,"orthographic":false}