{"cameraMode":{"drawMode":0,"name":"Shaded","section":"Shading Mode"},"sceneLighting":false,"audioPlay":false,"sceneViewState":{"showFog":true,"showMaterialUpdate":false,"showSkybox":false,"showFlares":true,"showImageEffects":true,"showParticleSystems":true},"in2DMode":false,"pivot":{"x":0.014927677810192109,"y":0.49266812205314639,"z":0.026015669107437135},"rotation":{"x":0.23049455881118775,"y":-0.4940206706523895,"z":0.13769648969173432,"w":0.8269555568695068},"size":1.935983657836914,"orthographic":false}